dataset,filename,AutoEncoder (AE),CBLOF,COF,COPOD,DenoisingAutoEncoder (DAE),HBOS,LOF,PCC,Avg Ens.,resnet_32_class,resnet_32_pred,resnet_32,ada_boost_32_class,ada_boost_32_pred,ada_boost_32,bayes_32_class,bayes_32_pred,bayes_32,knn_32_class,knn_32_pred,knn_32,mlp_32_class,mlp_32_pred,mlp_32,random_forest_32_class,random_forest_32_pred,random_forest_32,rocket_32_class,rocket_32_pred,rocket_32,qda_32_class,qda_32_pred,qda_32,decision_tree_32_class,decision_tree_32_pred,decision_tree_32,svc_linear_32_class,svc_linear_32_pred,svc_linear_32,convnet_32_class,convnet_32_pred,convnet_32
settings_one,synthetic_batch_0.out,3.261327743530273,6.324737310409546,11.948735237121582,3.774816751480103,3.1415350437164307,5.003328800201416,2.84212327003479,3.0533409118652344,39.349945068359375,COPOD,0.002671755850315,3.777488507330418,HBOS,0.0046039400622248,5.007932740263641,HBOS,0.0005974313244223,5.003926231525838,HBOS,0.0134873799979686,5.016816180199385,HBOS,0.00054582208395,5.003874622285366,HBOS,0.0126548549160361,5.015983655117452,COPOD,0.2196979732252657,3.9945147247053687,CBLOF,0.0005999947898089,6.325337305199355,HBOS,0.000486490316689,5.003815290518105,HBOS,0.0004774830304086,5.003806283231825,DenoisingAutoEncoder (DAE),0.0011097099632024,3.142644753679633
settings_one,synthetic_batch_102.out,3.2379486560821533,4.139806985855103,11.945148944854736,4.299595594406128,3.1451644897460938,4.176442623138428,2.832050085067749,2.748992681503296,36.52515006065369,PCC,0.0018236911855638,2.7508163726888597,HBOS,0.0045200837776064,4.180962706916034,HBOS,0.0005905670113861,4.177033190149814,DenoisingAutoEncoder (DAE),0.013802486937493,3.158966976683587,HBOS,0.0005163759924471,4.176958999130875,HBOS,0.0125682922080159,4.189010915346444,COPOD,0.2227402389980852,4.522335833404213,CBLOF,0.0006020488217473,4.140409034676851,HBOS,0.0004822430200874,4.176924866158515,HBOS,0.0004797568544745,4.176922379992902,DenoisingAutoEncoder (DAE),0.0013331328518688,3.1464976225979626
settings_one,synthetic_batch_103.out,3.23137640953064,4.16173243522644,12.027591943740845,4.318630456924439,3.1341805458068848,4.178133249282837,2.8025028705596924,2.857088327407837,36.711236238479614,LOF,0.0020090611651539,2.8045119317248464,HBOS,0.0055781560949981,4.183711405377835,HBOS,0.0005827629938721,4.178716012276709,HBOS,0.013689933810383,4.19182318309322,HBOS,0.0005170977674424,4.178650347050279,HBOS,0.0125431539490818,4.190676403231919,COPOD,0.2072127694264054,4.525843226350845,CBLOF,0.0006012879312038,4.162333723157644,HBOS,0.0004893047735095,4.178622554056346,HBOS,0.0004752492532134,4.17860849853605,DenoisingAutoEncoder (DAE),0.0013301270082592,3.135510672815144
settings_one,synthetic_batch_104.out,3.295640230178833,4.213574171066284,11.656658411026,4.159553527832031,3.160998582839966,4.222687721252441,2.8104584217071533,2.6615865230560303,36.18115758895874,PCC,0.0018127798102796,2.66339930286631,HBOS,0.0045541790314018,4.227241900283843,HBOS,0.000579566694796,4.2232672879472375,HBOS,0.0138376727700233,4.236525394022465,HBOS,0.000525705050677,4.2232134263031185,HBOS,0.0125803737901151,4.2352680950425565,COPOD,0.2057779747992754,4.365331502631307,CBLOF,0.000604482833296,4.21417865389958,HBOS,0.0004863808862864,4.223174102138728,HBOS,0.000502279959619,4.2231900012120605,DenoisingAutoEncoder (DAE),0.0011054123751819,3.1621039952151477
settings_one,synthetic_batch_105.out,4.399871826171875,4.202016353607178,11.962608098983765,4.21523380279541,3.1059820652008057,4.154785394668579,2.855660915374756,2.6591150760650635,37.55527353286743,LOF,0.0018263147212564,2.8574872300960124,HBOS,0.00465634977445,4.159441744443029,HBOS,0.0005999449640512,4.15538533963263,HBOS,0.0135185290127992,4.168303923681378,HBOS,0.0005484181456267,4.155333812814206,HBOS,0.0125863952562212,4.1673717899248,COPOD,0.20472829695791,4.41996209975332,CBLOF,0.0006127501837909,4.202629103790969,HBOS,0.0005081407725811,4.15529353544116,HBOS,0.0004947059787809,4.15528010064736,DenoisingAutoEncoder (DAE),0.0011219126172363,3.107103977818042
settings_one,synthetic_batch_109.out,3.240975856781006,4.223276138305664,12.014142990112305,3.599977970123291,3.1650993824005127,4.2850072383880615,2.859186172485352,2.6852567195892334,36.07292246818543,PCC,0.0018279082141816,2.687084627803415,HBOS,0.0045368140563368,4.289544052444398,HBOS,0.0005805380642414,4.285587776452303,HBOS,0.0133996335789561,4.298406871967018,HBOS,0.0005450118333101,4.285552250221372,HBOS,0.0125568802468478,4.297564118634909,COPOD,0.2056391006335616,3.8056170707568526,CBLOF,0.0005955258384346,4.223871664144099,HBOS,0.0004904279485344,4.285497666336596,HBOS,0.0004898570477962,4.285497095435858,DenoisingAutoEncoder (DAE),0.0011161919683218,3.1662155743688345
settings_one,synthetic_batch_11.out,3.243644952774048,4.245574235916138,11.941319465637209,3.66914415359497,3.146228551864624,4.029557943344116,2.7386977672576904,2.672874927520752,35.687041997909546,CBLOF,0.0021909149363636,4.247765150852501,HBOS,0.0045456402003765,4.034103583544493,HBOS,0.000591489020735,4.030149432364851,PCC,0.0136371441185474,2.6865120716392994,HBOS,0.0005173687823116,4.030075312126428,HBOS,0.0124778002500534,4.04203574359417,COPOD,0.2056668042205274,3.8748109578154972,CBLOF,0.0006114370189607,4.246185672935098,HBOS,0.0004837452434003,4.0300416885875165,HBOS,0.0004712319932878,4.030029175337404,DenoisingAutoEncoder (DAE),0.0013865837827324,3.1476151356473565
settings_one,synthetic_batch_110.out,3.2485110759735107,4.284279823303223,12.024872064590454,3.673340082168579,3.1373109817504883,4.231564521789551,2.8054873943328857,2.652583360671997,36.05794930458069,PCC,0.0018857070244848,2.654469067696482,HBOS,0.0045018694363534,4.236066391225904,HBOS,0.0005912091583013,4.232155730947852,HBOS,0.0136268339119851,4.245191355701536,HBOS,0.000526066403836,4.232090588193387,HBOS,0.0125060430727899,4.244070564862341,COPOD,0.2039728481322527,3.877312930300832,CBLOF,0.0006168871186673,4.28489671042189,HBOS,0.0004980531521141,4.232062574941665,HBOS,0.0004739970900118,4.232038518879563,DenoisingAutoEncoder (DAE),0.0011104312725365,3.138421413023025
settings_one,synthetic_batch_113.out,3.2598965167999268,4.074106454849243,11.948808431625366,3.9862213134765625,3.55647873878479,4.253002405166626,2.8087141513824463,2.727008104324341,36.6142361164093,LOF,0.0018369853496551,2.8105511367321014,HBOS,0.0045360033400356,4.257538408506662,HBOS,0.0005940040573477,4.253596409223974,HBOS,0.0135013358667492,4.266503741033375,HBOS,0.0005258647724986,4.253528269939125,HBOS,0.0123118259944021,4.265314231161028,COPOD,0.2043406940065324,4.190562007483095,CBLOF,0.0006140316836535,4.074720486532897,HBOS,0.0004886449314653,4.253491050098091,HBOS,0.0004781847819685,4.253480589948595,DenoisingAutoEncoder (DAE),0.0011619878932833,3.5576407266780734
settings_one,synthetic_batch_117.out,3.219251871109009,4.190006732940674,11.715820789337158,3.658031225204468,3.158656358718872,4.262265682220459,2.781655550003052,2.695235013961792,35.68092322349548,LOF,0.0021963259205222,2.7838518759235744,HBOS,0.0045879408717155,4.2668536230921745,HBOS,0.0005934331566095,4.2628591153770685,HBOS,0.0137632717378437,4.276028953958303,HBOS,0.0005252338014543,4.262790916021913,HBOS,0.0125916553661227,4.274857337586582,COPOD,0.2054841071367263,3.8635153323411946,CBLOF,0.000615153927356,4.19062188686803,HBOS,0.000485838856548,4.262751521077007,HBOS,0.0004780851304531,4.262743767350912,DenoisingAutoEncoder (DAE),0.001330608036369,3.159986966755241
settings_one,synthetic_batch_118.out,3.204875946044922,4.153553247451782,11.992103338241575,3.6755566596984863,3.1499061584472656,4.144137382507324,2.764904022216797,2.72408413887024,35.809120893478394,LOF,0.0018196231685578,2.7667236453853548,HBOS,0.004503380972892,4.148640763480216,HBOS,0.0005847960710525,4.144722178578377,HBOS,0.0136325052008032,4.1577698877081275,HBOS,0.0005127312615513,4.144650113768876,HBOS,0.0123397791758179,4.156477161683142,COPOD,0.2045879322104156,3.880144591908902,CBLOF,0.0005998252891004,4.154153072740883,HBOS,0.0004802076146006,4.144617590121925,HBOS,0.0004709907807409,4.144608373288065,DenoisingAutoEncoder (DAE),0.0011146799661219,3.1510208384133875
settings_one,synthetic_batch_119.out,3.282277822494507,4.212085008621216,12.064518451690674,4.166630506515503,3.448978900909424,4.954658508300781,2.798022508621216,2.617016553878784,37.5441882610321,PCC,0.0021946718916296,2.619211225770414,HBOS,0.0045039812102913,4.959162489511073,HBOS,0.0005817608907818,4.955240269191563,HBOS,0.013442434836179,4.96810094313696,HBOS,0.0005289111286401,4.955187419429421,HBOS,0.0124619100242853,4.967120418325067,COPOD,0.2070528357289731,4.373683342244476,CBLOF,0.0005997451953589,4.212684753816575,HBOS,0.0004991139285266,4.955157622229308,HBOS,0.0004825131036341,4.955141021404415,DenoisingAutoEncoder (DAE),0.001336399000138,3.450315299909562
settings_one,synthetic_batch_123.out,4.237661600112915,4.138055562973023,12.009300231933594,3.6899914741516113,3.173991680145264,4.108819007873535,2.770287036895752,2.711703062057495,36.83980965614319,LOF,0.0018286500126123,2.7721156869083643,HBOS,0.0046264338307082,4.113445441704243,HBOS,0.0005824826657772,4.109401490539312,PCC,0.0135098518803715,2.7252129139378667,HBOS,0.0005253641866147,4.10934437206015,HBOS,0.0124842431396245,4.12130325101316,COPOD,0.2072653290815651,3.8972568032331765,CBLOF,0.0006049550138413,4.138660517986865,HBOS,0.0004993448965251,4.10931835277006,HBOS,0.0004791971296072,4.109298205003142,DenoisingAutoEncoder (DAE),0.0011049411259591,3.1750966212712233
settings_one,synthetic_batch_124.out,3.520566701889038,4.138744592666626,11.83593487739563,3.6475133895874015,3.4942069053649902,4.246322154998779,2.797142505645752,2.99375867843628,36.6741898059845,PCC,0.0018219770863652,2.9955806555226454,HBOS,0.0045309630222618,4.250853118021041,HBOS,0.0005909078754484,4.246913062874228,HBOS,0.0139429522678256,4.260265107266605,HBOS,0.0005200738087296,4.246842228807509,HBOS,0.0124545758590102,4.2587767308577895,COPOD,0.2028928636573255,3.850406253244727,CBLOF,0.0006007859483361,4.139345378614962,HBOS,0.0004841769114136,4.246806331910193,HBOS,0.0004788963124155,4.246801051311195,DenoisingAutoEncoder (DAE),0.001113437116146,3.4953203424811363
settings_one,synthetic_batch_125.out,3.220477342605591,4.084464073181152,11.681089401245115,3.693346261978149,3.290377378463745,4.104015350341797,2.7713985443115234,2.778946876525879,35.624115228652954,CBLOF,0.0021869279444217,4.086651001125574,HBOS,0.0045522628352046,4.1085676131770015,HBOS,0.0005825427360832,4.10459789307788,PCC,0.0135959261097013,2.7925428026355803,HBOS,0.0005327980034053,4.104548148345202,HBOS,0.0124984900467097,4.116513840388507,COPOD,0.2088684607297182,3.902214722707867,CBLOF,0.0006115869618952,4.085075660143048,HBOS,0.0004918412305414,4.104507191572338,HBOS,0.0004762108437716,4.104491561185569,DenoisingAutoEncoder (DAE),0.0013355570845305,3.2917129355482757
settings_one,synthetic_batch_126.out,3.292721748352051,4.048565626144409,11.718098163604736,3.93338680267334,3.1489975452423096,4.14318060874939,2.8019585609436035,2.7019805908203125,35.78888964653015,COPOD,0.0018410640768706,3.9352278667502105,HBOS,0.0044843042269349,4.147664912976325,HBOS,0.00058712111786,4.14376772986725,HBOS,0.0134885618463158,4.1566691705957055,HBOS,0.0005254847928881,4.143706093542278,HBOS,0.0124940811656415,4.155674689915031,COPOD,0.2043631765991449,4.137749979272485,CBLOF,0.0006087622605264,4.049174388404936,HBOS,0.0004827128723263,4.143663321621716,HBOS,0.0004822928458452,4.143662901595235,DenoisingAutoEncoder (DAE),0.0011108731850981,3.1501084184274077
settings_one,synthetic_batch_127.out,3.2287285327911377,4.119587659835815,11.994112968444824,4.295853614807129,3.2076334953308105,4.116669654846191,2.7320353984832764,2.7353224754333496,36.42994379997253,LOF,0.001827779226005,2.7338631777092814,HBOS,0.0045657278969883,4.12123538274318,HBOS,0.0005972711369395,4.117266925983131,PCC,0.0138580123893916,2.7491804878227413,HBOS,0.0005252039991319,4.117194858845323,HBOS,0.0124950231984257,4.129164678044617,COPOD,0.2192666172049939,4.515120232012123,CBLOF,0.0005996241234242,4.12018728395924,HBOS,0.0004928428679704,4.117162497714162,HBOS,0.0004823519848287,4.11715200683102,DenoisingAutoEncoder (DAE),0.0013261688873171,3.2089596642181277
settings_one,synthetic_batch_128.out,3.249268054962158,4.073499441146851,11.890252113342283,3.9927024841308594,3.379441976547241,4.150266885757446,2.8161354064941406,2.79227352142334,36.34383988380432,CBLOF,0.0018747369758784,4.075374178122729,HBOS,0.0045424150303006,4.154809300787747,HBOS,0.0005818298086524,4.150848715566099,HBOS,0.0136722698807716,4.163939155638218,HBOS,0.0005230698734521,4.1507899556308985,HBOS,0.0125257209874689,4.162792606744915,COPOD,0.2063631010241806,4.19906558515504,CBLOF,0.0006138510070741,4.074113292153925,HBOS,0.0005106357857584,4.150777521543205,HBOS,0.000490098260343,4.150756984017789,DenoisingAutoEncoder (DAE),0.0013267300091683,3.3807687065564096
settings_one,synthetic_batch_129.out,3.238788604736328,4.1598780155181885,11.635711193084717,4.189987897872925,3.1371843814849854,4.231802463531494,2.75363826751709,2.9741570949554443,36.32114791870117,LOF,0.0018724328838288,2.7555107004009187,HBOS,0.0045719901099801,4.236374453641474,HBOS,0.0005983118899166,4.232400775421411,HBOS,0.0133958170190453,4.2451982805505395,HBOS,0.0005240309983491,4.232326494529843,HBOS,0.0125323529355227,4.244334816467017,COPOD,0.2045058780349791,4.394493775907904,CBLOF,0.0006217863410711,4.16049980185926,HBOS,0.000491689890623,4.232294153422117,HBOS,0.0004927921108901,4.232295255642384,DenoisingAutoEncoder (DAE),0.0011073048226535,3.138291686307639
settings_one,synthetic_batch_130.out,3.238367795944214,4.179113149642944,12.510965824127195,4.458960294723511,3.15194058418274,4.219893455505371,2.7440829277038574,2.7700889110565186,37.27341294288635,PCC,0.0022103330120444,2.772299244068563,HBOS,0.0047104442492127,4.224603899754584,HBOS,0.0006332881748676,4.220526743680239,HBOS,0.0135464021004736,4.233439857605845,HBOS,0.0005777026526629,4.220471158158034,HBOS,0.0124217639677226,4.232315219473094,COPOD,0.2068095747381448,4.665769869461656,CBLOF,0.0006801458075642,4.179793295450509,HBOS,0.0005465340800583,4.220439989585429,HBOS,0.0006588869728147,4.220552342478186,DenoisingAutoEncoder (DAE),0.0013966420665383,3.1533372262492785
settings_one,synthetic_batch_134.out,3.310438394546509,4.10993242263794,11.853523015975952,3.5970377922058105,3.115321397781372,4.498580694198608,2.7460436820983887,3.139207363128662,36.37008476257324,COPOD,0.0018275179900228,3.5988653101958334,HBOS,0.0045505501329898,4.503131244331598,HBOS,0.0005953661166131,4.4991760603152215,HBOS,0.0136136687360703,4.512194362934679,HBOS,0.000522197689861,4.4991028918884695,HBOS,0.0125080980360507,4.511088792234659,COPOD,0.2055279710330069,3.8025657632388175,CBLOF,0.0006094938144087,4.110541916452349,HBOS,0.0004841960035264,4.499064890202135,HBOS,0.0004816921427845,4.499062386341393,DenoisingAutoEncoder (DAE),0.0011123637668788,3.116433761548251
settings_one,synthetic_batch_137.out,3.8545947074890137,4.194308280944824,11.70187520980835,3.658233880996704,3.133850574493408,4.400151968002319,2.778207302093506,2.832087278366089,36.55330920219421,LOF,0.00187464710325,2.780081949196756,HBOS,0.0045278975740075,4.404679865576327,HBOS,0.0005838638171553,4.400735831819475,HBOS,0.0136695238761603,4.41382149187848,HBOS,0.0005219476297497,4.400673915632069,HBOS,0.0123781822621822,4.412530150264502,COPOD,0.2056196737103164,3.8638535547070205,CBLOF,0.0006029610522091,4.194911241997033,HBOS,0.0004911199212074,4.400643087923527,HBOS,0.0004865601658821,4.4006385281682014,DenoisingAutoEncoder (DAE),0.0011109020560979,3.134961476549506
settings_one,synthetic_batch_139.out,3.5047082901000977,4.115724325180054,11.83493185043335,3.994385242462158,3.1387267112731934,5.074994802474976,2.758781671524048,2.6962127685546875,37.11846566200256,CBLOF,0.0018326379358768,4.117556963115931,HBOS,0.0045774821192026,5.079572284594178,HBOS,0.0005994946695864,5.075594297144562,HBOS,0.0133001557551324,5.088294958230108,HBOS,0.0005652690306305,5.075560071505606,HBOS,0.0124996211379766,5.087494423612952,COPOD,0.2173896040767431,4.211774846538901,CBLOF,0.0006137210875749,4.116338046267629,HBOS,0.0005044341087341,5.07549923658371,HBOS,0.0004813913255929,5.075476193800569,DenoisingAutoEncoder (DAE),0.0013377619907259,3.1400644732639194
settings_one,synthetic_batch_141.out,3.329264640808105,4.113963603973389,12.027342081069946,4.058166742324829,3.32388973236084,4.744926452636719,2.782389640808105,2.78550386428833,37.16544675827026,CBLOF,0.0018253540620207,4.1157889580354095,HBOS,0.0045685758814215,4.74949502851814,HBOS,0.0005971607752144,4.745523613411933,HBOS,0.0138525697402656,4.758779022376984,HBOS,0.0005715009756386,4.745497953612357,HBOS,0.0126603646203875,4.757586817257106,COPOD,0.2030070419423282,4.261173784267157,CBLOF,0.0006106761284172,4.114574280101806,HBOS,0.0005289409309625,4.745455393567681,HBOS,0.0004742471501231,4.745400699786842,DenoisingAutoEncoder (DAE),0.0011135260574519,3.325003258418292
settings_one,synthetic_batch_143.out,3.430192708969116,4.118614435195923,11.616504669189451,3.813931226730346,3.091868162155152,5.03870701789856,2.795370101928711,2.734902858734131,36.64009118080139,COPOD,0.0018304330296814,3.8157616597600272,HBOS,0.0046830507926642,5.043390068691224,HBOS,0.0005898461677134,5.039296864066273,HBOS,0.0134284887462854,5.052135506644845,HBOS,0.0005284091457724,5.039235427044332,HBOS,0.0125238271430134,5.051230845041573,COPOD,0.2093396736308932,4.023270900361239,CBLOF,0.0006112968549132,4.119225732050836,HBOS,0.0004953979514539,5.0392024158500135,HBOS,0.0004857392050325,5.039192757103592,DenoisingAutoEncoder (DAE),0.0011068237945437,3.0929749859496956
settings_one,synthetic_batch_15.out,3.352548837661743,4.072267055511475,12.015504360198976,3.7709572315216064,3.483772039413452,4.043570756912232,2.7286086082458496,2.694328546524048,36.16155743598938,PCC,0.0018277280032634,2.6961562745273113,HBOS,0.0044930819422006,4.048063838854433,HBOS,0.0005858177319169,4.044156574644149,HBOS,0.0136232869699597,4.057194043882192,HBOS,0.0005318773910403,4.044102634303273,HBOS,0.0125622288323938,4.056132985744626,COPOD,0.2217239453457296,3.992681176867336,CBLOF,0.0006076591089367,4.072874714620411,HBOS,0.0004995851777493,4.044070342089982,HBOS,0.0005473149940371,4.0441180719062695,DenoisingAutoEncoder (DAE),0.0013324511237442,3.4851044905371964
settings_one,synthetic_batch_150.out,3.474881172180176,4.075294017791748,11.781259059906006,3.673041820526123,3.125019073486328,4.279451847076416,2.7803726196289062,2.694260597229004,35.88358020782471,PCC,0.0018269466236233,2.6960875438526273,HBOS,0.0044910968281328,4.283942943904549,HBOS,0.0005930019542574,4.2800448490306735,HBOS,0.0133570628240704,4.2928089099004865,HBOS,0.0005268873646855,4.2799787344411016,HBOS,0.0124813769944012,4.291933224070817,COPOD,0.2040154989808797,3.877057319507003,CBLOF,0.0006012679077684,4.0758952856995165,HBOS,0.0004957378841936,4.27994758496061,HBOS,0.0004743579775094,4.2799262050539255,DenoisingAutoEncoder (DAE),0.0011103609576821,3.1261294344440103
settings_one,synthetic_batch_156.out,3.29424262046814,4.071985244750977,11.971686124801636,3.6416172981262207,3.132655382156372,4.143345832824707,2.877295970916748,2.7170121669769287,35.84984064102173,PCC,0.002217415254563,2.719229582231492,HBOS,0.004601455759257,4.147947288583964,HBOS,0.0005936832167208,4.143939516041428,PCC,0.0134001052938401,2.730412272270769,HBOS,0.0005156649276614,4.1438614977523685,HBOS,0.0122004952281713,4.155546328052878,COPOD,0.2124727410264313,3.854090039152652,CBLOF,0.0006101140752434,4.07259535882622,HBOS,0.0004953378811478,4.143841170705855,HBOS,0.0004731048829853,4.143818937707692,DenoisingAutoEncoder (DAE),0.0023616477847099,3.135017029941082
settings_one,synthetic_batch_157.out,3.2332141399383545,4.075609445571899,11.880772113800049,3.616357088088989,3.18060040473938,4.150904893875122,2.7841408252716064,2.867155075073242,35.78875398635864,PCC,0.001816377043724,2.8689714521169662,HBOS,0.0045706187374889,4.155475512612611,HBOS,0.0005954969674348,4.151500390842557,HBOS,0.0136574511416256,4.164562345016748,HBOS,0.0005168579518795,4.151421751827002,HBOS,0.0124775497242808,4.163382443599403,COPOD,0.2042813212610781,3.820638409350067,CBLOF,0.0005928012542426,4.076202246826142,HBOS,0.0004939450882375,4.15139883896336,HBOS,0.0004725442267954,4.1513774381019175,DenoisingAutoEncoder (DAE),0.0011052512563765,3.1817056559957564
settings_one,synthetic_batch_161.out,3.250124216079712,4.077106714248657,12.02284860610962,3.664886713027954,3.259920358657837,5.106768608093262,2.758176326751709,2.636007070541382,36.77583861351013,PCC,0.0022016461007297,2.6382087166421115,HBOS,0.0045464728027582,5.11131508089602,HBOS,0.0005903062410652,5.107358914334327,HBOS,0.0136330462992191,5.120401654392481,HBOS,0.000532176811248,5.10730078490451,HBOS,0.0125430021435022,5.119311610236764,COPOD,0.2056067902594804,3.8704935032874346,CBLOF,0.00060699833557,4.077713712584227,HBOS,0.0004977919161319,5.107266400009394,HBOS,0.0004701097495853,5.107238717842847,DenoisingAutoEncoder (DAE),0.0013299467973411,3.261250305455178
settings_one,synthetic_batch_162.out,3.2472290992736816,4.062333583831787,11.919837713241575,3.651089429855346,3.313448190689087,5.172076940536499,2.790923595428467,2.760467767715454,36.9174063205719,PCC,0.0018398510292172,2.7623076187446713,HBOS,0.0056244330480694,5.1777013735845685,HBOS,0.0005840049125254,5.172660945449024,HBOS,0.0134263830259442,5.185503323562443,HBOS,0.0005182311870157,5.172595171723515,HBOS,0.012322646100074,5.184399586636573,COPOD,0.2054818742908537,3.8565713041461995,CBLOF,0.0006008967757225,4.06293448060751,HBOS,0.0004953369498252,5.172572277486324,HBOS,0.0004707500338554,5.1725476905703545,DenoisingAutoEncoder (DAE),0.0011624787002801,3.314610669389367
settings_one,synthetic_batch_163.out,3.234327793121338,4.05704927444458,11.742686986923218,4.520856857299805,3.2298293113708496,4.718416690826416,2.7518277168273926,2.6688437461853027,36.9238383769989,PCC,0.0018214471638202,2.670665193349123,HBOS,0.0045364247635006,4.722953115589917,HBOS,0.0005906880833208,4.719007378909737,PCC,0.0137416520155966,2.6825853982008994,HBOS,0.0005187722854316,4.718935463111848,HBOS,0.0122273261658847,4.730644016992301,COPOD,0.2081386796198785,4.728995536919683,CBLOF,0.0006139706820249,4.057663245126605,HBOS,0.0004967795684933,4.718913470394909,HBOS,0.0004744478501379,4.718891138676554,DenoisingAutoEncoder (DAE),0.001110590994358,3.2309399023652077
settings_one,synthetic_batch_164.out,3.232468605041504,4.154200792312622,11.760475635528564,3.760629653930664,3.1702535152435303,4.118530511856079,2.740109920501709,2.702766895294189,35.63943552970886,CBLOF,0.0021654879674315,4.156366280280054,HBOS,0.0045537259429693,4.123084237799048,HBOS,0.0005913386121392,4.119121850468218,HBOS,0.0137740029022097,4.132304514758289,HBOS,0.0005204039625823,4.1190509158186615,HBOS,0.0125174652785062,4.131047977134585,COPOD,0.2046016780659556,3.9652313319966197,CBLOF,0.0006446097977459,4.154845402110368,HBOS,0.0004923110827803,4.1190228229388595,HBOS,0.0004759598523378,4.119006471708417,DenoisingAutoEncoder (DAE),0.0013308078050613,3.1715843230485916
settings_one,synthetic_batch_166.out,3.2586898803710938,4.244126319885254,12.129705429077148,3.587432146072388,3.548978805541992,4.268481969833374,2.746887445449829,2.6729438304901123,36.45724582672119,AutoEncoder (AE),0.0025991890579462,3.26128906942904,HBOS,0.0045413319021463,4.27302330173552,HBOS,0.0005883127450942,4.269070282578468,HBOS,0.013710712082684,4.282192681916058,HBOS,0.0005276687443256,4.2690096385777,HBOS,0.0125696728937327,4.281051642727107,COPOD,0.204245685134083,3.791677831206471,CBLOF,0.000608742237091,4.244735062122345,HBOS,0.0004939436912536,4.268975913524628,HBOS,0.0004750192165374,4.2689569890499115,DenoisingAutoEncoder (DAE),0.0013280226849019,3.550306828226894
settings_one,synthetic_batch_167.out,3.235653877258301,4.141648054122925,11.739288568496704,3.709690570831299,3.2139694690704346,4.207133293151856,2.8222992420196533,2.7099552154541016,35.77963829040527,PCC,0.0018514837138354,2.711806699167937,HBOS,0.0045095128007233,4.21164280595258,HBOS,0.0005852370522916,4.207718530204148,HBOS,0.013367102947086,4.2205003960989425,HBOS,0.0005324170924723,4.207665710244329,HBOS,0.0125153809785842,4.219648674130441,COPOD,0.2131907702423632,3.922881341073662,CBLOF,0.0005990439094603,4.142247098032385,HBOS,0.0004867911338806,4.207620084285737,HBOS,0.0005111373029649,4.207644430454821,DenoisingAutoEncoder (DAE),0.0011640130542218,3.2151334821246564
settings_one,synthetic_batch_168.out,3.273685932159424,4.070897579193115,12.250617265701294,3.621460199356079,3.2318217754364014,4.170566558837891,2.741450786590576,2.704974412918091,36.06547451019287,AutoEncoder (AE),0.001830784138292,3.275516716297716,HBOS,0.0045443382114171,4.175110897049308,HBOS,0.0005974108353257,4.171163969673216,HBOS,0.0133107560686767,4.183877314906567,HBOS,0.0005286899395287,4.171095248777419,HBOS,0.0125509481877088,4.1831175070255995,COPOD,0.2032966399565339,3.824756839312613,CBLOF,0.0005991742946207,4.071496753487736,HBOS,0.0004884139634668,4.1710549728013575,HBOS,0.0004725237376987,4.171039082575589,DenoisingAutoEncoder (DAE),0.0011149100027978,3.232936685439199
settings_one,synthetic_batch_169.out,3.2507402896881104,4.066984176635742,11.835477352142334,3.612861633300781,3.330775499343872,4.647242546081543,2.764174222946167,2.6833279132843018,36.19158363342285,PCC,0.0021966970525681,2.68552461033687,HBOS,0.0045344391837716,4.651776985265315,HBOS,0.0005890349857509,4.647831581067294,COPOD,0.0138524598442018,3.6267140931449826,HBOS,0.0005563017912209,4.647798847872764,HBOS,0.0121638858690857,4.659406431950629,COPOD,0.2041615550406277,3.8170231883414085,CBLOF,0.0006216769106686,4.067605853546411,HBOS,0.0004912298172712,4.647733775898814,HBOS,0.0004713418893516,4.647713887970895,DenoisingAutoEncoder (DAE),0.0021641347557306,3.3329396340996027
settings_one,synthetic_batch_173.out,3.2451171875,4.124511480331421,11.959436178207396,3.666805267333984,3.3176095485687256,4.220210075378418,2.7829043865203857,2.7219488620758057,36.03854298591614,LOF,0.001826595980674,2.7847309825010598,HBOS,0.0045534851960837,4.224763560574502,HBOS,0.0005886037833988,4.220798679161817,HBOS,0.0134034920483827,4.233613567426801,HBOS,0.0005237809382379,4.220733856316656,HBOS,0.0122074587270617,4.23241753410548,COPOD,0.206704618409276,3.87350988574326,CBLOF,0.0006100139580667,4.125121494289488,HBOS,0.0004854379221796,4.220695513300598,HBOS,0.0004897862672805,4.2206998616456985,DenoisingAutoEncoder (DAE),0.0011054007336497,3.3187149493023753
settings_one,synthetic_batch_174.out,3.291199922561645,4.058165788650513,11.6670503616333,3.668306827545166,3.2340333461761475,4.200091361999512,2.750300407409668,2.8136534690856934,35.682801485061646,LOF,0.001839050091803,2.752139457501471,HBOS,0.0045694960281252,4.204660858027637,HBOS,0.0005944748409092,4.200685836840421,HBOS,0.0137684629298746,4.213859824929386,HBOS,0.0005269669927656,4.200618328992277,HBOS,0.0125235170125961,4.212614879012108,COPOD,0.204241125844419,3.872547953389585,CBLOF,0.0005967700853943,4.058762558735907,HBOS,0.000490328297019,4.200581690296531,HBOS,0.0004776627756655,4.200569024775177,DenoisingAutoEncoder (DAE),0.0011110720224678,3.2351444181986153
settings_one,synthetic_batch_176.out,3.271186351776123,4.152422666549683,11.615602254867554,3.66766357421875,3.2395565509796143,4.296613454818726,2.769864559173584,2.692135810852051,35.705045223236084,LOF,0.001827938016504,2.771692497190088,HBOS,0.0045421146787703,4.301155569497496,HBOS,0.0005905171856284,4.297203972004354,HBOS,0.013442575931549,4.310056030750275,HBOS,0.0005572349764406,4.297170689795166,HBOS,0.0121823507361114,4.308795805554837,COPOD,0.2048497558571398,3.87251333007589,CBLOF,0.0006016688421368,4.1530243353918195,HBOS,0.0004897960461676,4.297103250864893,HBOS,0.0004957476630806,4.297109202481806,DenoisingAutoEncoder (DAE),0.0011547151952981,3.2407112661749125
settings_one,synthetic_batch_18.out,3.2759222984313965,4.102454900741577,11.895602703094482,3.714908599853516,3.1648285388946533,4.062371253967285,2.7784156799316406,2.8095834255218506,35.8040874004364,AutoEncoder (AE),0.0021870178170502,3.2781093162484467,HBOS,0.0045959870330989,4.066967241000384,HBOS,0.0005810102447867,4.062952264212072,HBOS,0.01341581530869,4.075787069275975,HBOS,0.0005157561972737,4.062887010164559,HBOS,0.0124813960865139,4.074852650053799,COPOD,0.2026162007823586,3.9175248006358747,CBLOF,0.0006009279750287,4.103055828716606,HBOS,0.0004901867359876,4.062861440703273,HBOS,0.0004960680380463,4.0628673220053315,DenoisingAutoEncoder (DAE),0.0013438533060252,3.1661723922006786
settings_one,synthetic_batch_181.out,3.232938051223755,4.151661157608032,11.8379967212677,3.661099195480346,3.2124245166778564,4.487929105758667,2.818410873413086,2.997697830200196,36.40015745162964,PCC,0.0018261652439832,2.9995239954441795,HBOS,0.0045522041618824,4.492481309920549,HBOS,0.0005871108733117,4.488516216631979,HBOS,0.0137842721305787,4.501713377889246,HBOS,0.0005300031043589,4.488459108863026,HBOS,0.0125214923173189,4.500450598075986,COPOD,0.2047152132727205,3.8658144087530664,CBLOF,0.000615594908595,4.152276752516627,HBOS,0.0004848279058933,4.48841393366456,HBOS,0.0004741880111396,4.488403293769807,DenoisingAutoEncoder (DAE),0.0011054021306335,3.21352991880849
settings_one,synthetic_batch_183.out,3.135858058929444,4.114696502685547,12.18360471725464,3.667043209075928,3.155669689178467,4.933190107345581,2.7395708560943604,2.754148006439209,36.68378114700317,LOF,0.0018214769661426,2.741392333060503,HBOS,0.0045913280919194,4.9377814354375005,HBOS,0.0005838950164616,4.933774002362043,PCC,0.0136439660564064,2.7677919724956155,HBOS,0.0005269767716526,4.933717084117234,HBOS,0.0124621498398482,4.945652257185429,COPOD,0.2068786672316491,3.8739218763075773,CBLOF,0.0006037424318492,4.115300245117396,HBOS,0.0005174702964723,4.933707577642053,HBOS,0.0004994049668312,4.933689512312412,DenoisingAutoEncoder (DAE),0.0011055623181164,3.1567752514965832
settings_one,synthetic_batch_184.out,3.471585273742676,4.029561281204224,11.627173900604248,3.79746150970459,3.439091920852661,4.187744617462158,2.732189416885376,2.9830565452575684,36.2678644657135,CBLOF,0.001822228077799,4.031383509282023,HBOS,0.0045816800557076,4.192326297517866,HBOS,0.0005839248187839,4.188328542280942,PCC,0.0138368718326091,2.9968934170901775,HBOS,0.0005221082828938,4.188266725745052,HBOS,0.0121787749230861,4.199923392385244,COPOD,0.2039442029781639,4.001405712682754,CBLOF,0.0006180293858051,4.030179310590029,HBOS,0.0004883739165961,4.188232991378754,HBOS,0.0005026408471167,4.188247258309275,DenoisingAutoEncoder (DAE),0.001133874990046,3.440225795842707
settings_one,synthetic_batch_188.out,3.256490468978882,4.123733997344971,11.693924903869627,3.860358238220215,3.2015392780303955,5.087069034576416,2.792396306991577,2.7492716312408447,36.76478385925293,LOF,0.0018271878361701,2.7942234948277473,HBOS,0.0045576449483633,5.091626679524779,HBOS,0.0005892049521207,5.087658239528537,HBOS,0.0134910671040415,5.100560101680458,HBOS,0.0005150539800524,5.0875840885564685,HBOS,0.012524779420346,5.099593813996762,COPOD,0.2054615039378404,4.065819742158055,CBLOF,0.0005936729721724,4.124327670317143,HBOS,0.0004836651496589,5.087552699726075,HBOS,0.0004798979498445,5.087548932526261,DenoisingAutoEncoder (DAE),0.0011209705844521,3.2026602486148477
settings_one,synthetic_batch_189.out,3.2356677055358887,4.149482011795044,12.122530937194824,4.49654483795166,3.441059827804565,4.700227499008179,2.724386692047119,2.7446110248565674,37.61451053619385,PCC,0.0018472149968147,2.746458239853382,HBOS,0.0045510306954383,4.704778529703617,HBOS,0.0005806293338537,4.700808128342032,HBOS,0.0137197100557386,4.713947209063917,HBOS,0.0005461443215608,4.70077364332974,HBOS,0.0124893421307206,4.712716841138899,COPOD,0.211404571775347,4.707949409727007,CBLOF,0.0006044427864253,4.150086454581469,HBOS,0.000525755342096,4.700753254350275,HBOS,0.0004918007180094,4.700719299726188,DenoisingAutoEncoder (DAE),0.0011067441664636,3.4421665719710286
settings_one,synthetic_batch_19.out,3.210988044738769,4.084538698196411,11.61123013496399,3.9682328701019287,3.609795093536377,4.177714347839356,2.794261932373047,2.7123656272888184,36.169126749038696,LOF,0.0018511530943214,2.7961130854673684,HBOS,0.0045122881419956,4.182226635981352,HBOS,0.0005844058468937,4.17829875368625,HBOS,0.013835618738085,4.191549966577441,HBOS,0.000521196052432,4.178235543891788,HBOS,0.0122104240581393,4.189924771897496,COPOD,0.2086510900408029,4.176883960142732,CBLOF,0.0006060069426894,4.0851447051391006,HBOS,0.0004926221445202,4.178206969983877,HBOS,0.0004827831871807,4.178197131026537,DenoisingAutoEncoder (DAE),0.001107535790652,3.610902629327029
settings_one,synthetic_batch_191.out,3.215399980545044,4.070312976837158,12.073805570602415,4.576503753662109,3.2417120933532715,4.30561113357544,2.66971492767334,2.6997733116149902,36.85283374786377,AutoEncoder (AE),0.0018159560859203,3.2172159366309643,HBOS,0.0045409621670842,4.310152095742525,HBOS,0.0005946946330368,4.306205828208477,HBOS,0.01405456289649,4.31966569647193,HBOS,0.000836182385683,4.306447315961123,HBOS,0.0125583033077418,4.318169436883182,COPOD,0.2212169556878507,4.79772070934996,CBLOF,0.0006118668243288,4.070924843661487,HBOS,0.0004967702552676,4.306107903830708,HBOS,0.000482453033328,4.306093586608768,DenoisingAutoEncoder (DAE),0.0013316888362169,3.2430437821894884
settings_one,synthetic_batch_192.out,3.1753523349761963,4.076956748962402,11.76429009437561,3.6701624393463135,3.2301735877990723,4.348751068115234,2.69712233543396,2.7075870037078857,35.670395612716675,COPOD,0.0018335999920964,3.67199603933841,HBOS,0.0045639248564839,4.353314992971718,HBOS,0.0005894359201192,4.349340504035354,HBOS,0.0136582939885556,4.36240936210379,HBOS,0.0005230898968875,4.349274158012122,HBOS,0.0125394770875573,4.361290545202792,COPOD,0.2047070083208382,3.8748694476671517,CBLOF,0.0006079198792576,4.07756466884166,HBOS,0.0004879930056631,4.3492390611208975,HBOS,0.0004730648361146,4.349224132951349,DenoisingAutoEncoder (DAE),0.0011076759546995,3.231281263753772
settings_one,synthetic_batch_195.out,3.1473684310913086,4.091978788375855,11.838651180267334,3.8548550605773926,3.249350309371948,4.544865846633911,2.6287670135498047,3.001320600509644,36.3571572303772,CBLOF,0.0018208753317594,4.093799663707615,HBOS,0.0045511932112276,4.549417039845139,HBOS,0.0005908980965614,4.545456744730473,HBOS,0.0136564797721803,4.5585223264060915,HBOS,0.0005242219194769,4.545390068553388,HBOS,0.0124866268597543,4.5573524734936655,COPOD,0.2073571323417127,4.062212192919105,CBLOF,0.0006498801521956,4.092628668528051,HBOS,0.00048957625404,4.545355422887951,HBOS,0.0004826840013265,4.545348530635238,DenoisingAutoEncoder (DAE),0.0011650039814412,3.250515313353389
settings_one,synthetic_batch_21.out,3.2605068683624268,4.094968318939209,11.9350905418396,3.649035215377808,3.178651094436645,4.530986309051514,2.9624509811401367,2.7439982891082764,36.355687618255615,PCC,0.0021923193708062,2.7461906084790826,HBOS,0.0045006349682807,4.5354869440197945,HBOS,0.0005994937382638,4.5315858027897775,HBOS,0.0137478127144277,4.544734121765941,HBOS,0.0005270671099424,4.531513376161456,HBOS,0.0124565199948847,4.543442829046398,COPOD,0.2063245680183172,3.8553597833961253,CBLOF,0.0005981922149658,4.095566511154175,HBOS,0.0004985439591109,4.531484853010625,HBOS,0.0005176300182938,4.5315039390698075,DenoisingAutoEncoder (DAE),0.0013349959626793,3.1799860903993244
settings_one,synthetic_batch_22.out,3.2395761013031006,4.100484609603882,12.09486722946167,3.669175386428833,3.202880382537842,4.036998748779297,2.806067943572998,2.8182382583618164,35.96828866004944,AutoEncoder (AE),0.0036294483579695,3.24320554966107,HBOS,0.0045797349885106,4.0415784837678075,HBOS,0.000592672266066,4.037591421045363,HBOS,0.01376982498914,4.050768573768437,HBOS,0.0005198735743761,4.037518622353673,HBOS,0.0124665489420294,4.049465297721326,COPOD,0.204564357176423,3.873739743605256,CBLOF,0.0006132498383522,4.101097859442234,HBOS,0.0004908586852252,4.037489607464522,HBOS,0.0004755198024213,4.037474268581718,DenoisingAutoEncoder (DAE),0.0011077667586505,3.2039881492964923
settings_one,synthetic_batch_25.out,3.2573277950286865,4.121675729751587,11.60974407196045,4.784141302108765,3.107172727584839,4.069814443588257,2.798194646835327,2.639643430709839,36.38771414756775,LOF,0.0018364447169005,2.8000310915522277,HBOS,0.0045242398045957,4.0743386833928525,HBOS,0.0005936129018664,4.070408056490123,HBOS,0.01377634704113,4.083590790629387,HBOS,0.0005252039991319,4.070339647587389,HBOS,0.0125714070163667,4.082385850604624,COPOD,0.2063886788673699,4.9905299809761345,CBLOF,0.0006042229942977,4.122279952745885,HBOS,0.0004839049652218,4.070298348553479,HBOS,0.0004849978722631,4.07029944146052,DenoisingAutoEncoder (DAE),0.0039471299387514,3.1111198575235903
settings_one,synthetic_batch_26.out,3.2516064643859863,4.140186309814453,11.715787649154665,3.6954925060272217,3.1129536628723145,4.021777868270874,2.7874574661254883,2.6690752506256104,35.39433717727661,CBLOF,0.0021943617612123,4.1423806715756655,HBOS,0.0045124976895749,4.026290365960449,HBOS,0.0005838549695909,4.022361723240465,HBOS,0.0133587168529629,4.035136585123837,HBOS,0.0005400720983743,4.022317940369248,HBOS,0.0125456280075013,4.034323496278375,COPOD,0.2062081671319902,3.901700673159212,CBLOF,0.000599754974246,4.140786064788699,HBOS,0.0004879129119217,4.022265781182796,HBOS,0.000639830250293,4.022417698521167,DenoisingAutoEncoder (DAE),0.001338112168014,3.1142917750403285
settings_one,synthetic_batch_27.out,3.254104852676392,4.081564903259277,11.756451606750488,3.9568166732788086,3.098512649536133,4.110687732696533,2.824639320373535,2.6892850399017334,35.7720627784729,PCC,0.0026128841564059,2.6918979240581393,HBOS,0.0045575532130897,4.115245285909623,HBOS,0.0005821622908115,4.111269894987345,HBOS,0.0135200121439993,4.1242077448405325,HBOS,0.0005258051678538,4.111213537864387,HBOS,0.012511062901467,4.123198795598,COPOD,0.2210429678671062,4.177859641145915,CBLOF,0.0006009568460285,4.082165860105306,HBOS,0.0004999758675694,4.111187708564103,HBOS,0.0004700901918113,4.1111578228883445,DenoisingAutoEncoder (DAE),0.0011094990186393,3.099622148554772
settings_one,synthetic_batch_28.out,3.2255852222442627,4.07096791267395,12.005703449249268,3.963498830795288,3.1452877521514893,4.057235479354858,2.8511531352996826,2.670055866241455,35.989487648010254,PCC,0.0018308442085981,2.671886710450053,HBOS,0.0045431368052959,4.061778616160154,HBOS,0.0006023901514708,4.057837869506329,HBOS,0.0137387858703732,4.070974265225232,HBOS,0.0005255839787423,4.057761063333601,HBOS,0.0124843609519302,4.069719840306789,COPOD,0.2075846130028367,4.171083443798125,CBLOF,0.0006044139154255,4.071572326589376,HBOS,0.0005055861547589,4.057741065509617,HBOS,0.0004793470725417,4.0577148264274,DenoisingAutoEncoder (DAE),0.0011189370416104,3.1464066891930997
settings_one,synthetic_batch_29.out,3.223058223724365,4.052753925323486,12.117590188980104,4.008604526519775,3.115694522857666,4.182090520858765,2.7999088764190674,2.656635284423828,36.156336069107056,PCC,0.001835152041167,2.658470436464995,HBOS,0.0045435158535838,4.1866340367123485,HBOS,0.0005958769470453,4.18268639780581,HBOS,0.0136922178789973,4.195782738737762,HBOS,0.0005207150243222,4.182611235883087,HBOS,0.012537111993879,4.194627632852644,COPOD,0.2098915269598364,4.218496053479612,CBLOF,0.0006320658139884,4.053385991137475,HBOS,0.0004881843924522,4.182578705251217,HBOS,0.0004769619554281,4.182567482814193,DenoisingAutoEncoder (DAE),0.0011095399968326,3.1168040628544986
settings_one,synthetic_batch_3.out,3.2284839153289795,4.125574111938477,11.897422075271606,3.704573154449463,3.1240413188934326,4.03482985496521,2.904504537582397,3.571598768234253,36.59102773666382,LOF,0.0021904138848185,2.9066949514672156,HBOS,0.00460408302024,4.03943393798545,HBOS,0.0005830731242895,4.0354129280894995,HBOS,0.0137482942081987,4.048578149173409,HBOS,0.0005247928202152,4.035354647785425,HBOS,0.0125004327856004,4.04733028775081,COPOD,0.2059196131303906,3.9104927675798535,CBLOF,0.000593343283981,4.126167455222458,HBOS,0.00049310317263,4.03532295813784,HBOS,0.000475569628179,4.035305424593389,DenoisingAutoEncoder (DAE),0.0013253977522253,3.125366716645658
settings_one,synthetic_batch_30.out,3.291715621948242,4.143712282180786,12.283199071884155,3.926765203475952,3.129790544509888,4.048234701156616,2.7968955039978027,2.749882698059082,36.37019562721253,AutoEncoder (AE),0.0018348810262978,3.29355050297454,HBOS,0.004528438206762,4.052763139363378,HBOS,0.0005940138362348,4.048828714992851,HBOS,0.0133784641511738,4.06161316530779,HBOS,0.000520144123584,4.0487548452802,HBOS,0.0124858152121305,4.060720516368747,COPOD,0.2050732099451124,4.131838413421065,CBLOF,0.000607029069215,4.144319311250001,HBOS,0.0005340301431715,4.048768731299788,HBOS,0.0004740171134471,4.048708718270063,DenoisingAutoEncoder (DAE),0.001110962126404,3.130901506636292
settings_one,synthetic_batch_31.out,3.34268856048584,4.060194492340088,12.581090688705444,3.709198474884033,3.0973024368286133,4.019965887069702,2.8758554458618164,2.684957981109619,36.37125396728516,CBLOF,0.0018401010893285,4.062034593429416,HBOS,0.0045348000712692,4.024500687140971,HBOS,0.0005879928357899,4.020553879905492,HBOS,0.0135546470992267,4.033520534168929,HBOS,0.0005777939222753,4.0205436809919775,HBOS,0.0124409897252917,4.032406876794994,COPOD,0.2060910169966519,3.915289491880685,CBLOF,0.0006187008693814,4.060813193209469,HBOS,0.0005207150243222,4.020486602094024,HBOS,0.0005444400012493,4.0205103270709515,DenoisingAutoEncoder (DAE),0.001107957214117,3.0984103940427303
settings_one,synthetic_batch_37.out,3.235464334487915,4.3585898876190186,11.695029497146606,3.944818019866944,3.186004638671875,4.068307399749756,2.799179553985596,2.718080759048462,36.00547409057617,CBLOF,0.002188210375607,4.360778097994626,HBOS,0.0045273578725755,4.072834757622331,HBOS,0.0005878820084035,4.068895281758159,HBOS,0.0133598889224231,4.081667288672179,HBOS,0.0005216370336711,4.068829036783427,HBOS,0.0124600757844746,4.0807674755342305,COPOD,0.2074236469343304,4.152241666801274,CBLOF,0.000638507772237,4.359228395391256,HBOS,0.0004931730218231,4.068800572771579,HBOS,0.0004862109199166,4.0687936106696725,DenoisingAutoEncoder (DAE),0.0013886177912354,3.1873932564631104
settings_one,synthetic_batch_4.out,3.281211853027344,4.238630294799805,12.04336643218994,3.731614589691162,3.165062189102173,4.062802076339722,2.826274871826172,2.988051652908325,36.33701395988464,PCC,0.0021994509734213,2.9902511038817465,HBOS,0.0045703584328293,4.067372434772551,HBOS,0.0005851867608726,4.063387263100594,HBOS,0.0137498467229306,4.076551923062652,HBOS,0.0005165482871234,4.063318624626845,HBOS,0.0122157740406692,4.075017850380391,COPOD,0.2036460801027715,3.9352606697939336,CBLOF,0.0006067678332328,4.239237062633038,HBOS,0.0004860097542405,4.063288086093962,HBOS,0.0004747081547975,4.063276784494519,DenoisingAutoEncoder (DAE),0.0013281730934977,3.1663903621956706
settings_one,synthetic_batch_44.out,3.268416404724121,4.13891339302063,11.79029107093811,4.190916538238525,3.169252157211304,4.013040065765381,2.771540880203247,2.9824912548065186,36.32486176490784,PCC,0.0022526918910443,2.984743946697563,HBOS,0.0045541380532085,4.0175942038185894,HBOS,0.0005803378298878,4.013620403595269,PCC,0.0138293378986418,2.9963205927051604,HBOS,0.0005289311520755,4.013568996917456,HBOS,0.0121392188593745,4.025179284624755,COPOD,0.2065688506700098,4.397485388908535,CBLOF,0.0006430568173527,4.139556449837983,HBOS,0.0004951474256813,4.013535213191062,HBOS,0.0004887850955128,4.013528850860894,DenoisingAutoEncoder (DAE),0.0013347659260034,3.1705869231373076
settings_one,synthetic_batch_46.out,3.2826266288757324,4.076123237609863,11.786606550216677,3.827400922775269,3.132586002349853,4.078081607818604,2.8272292613983154,2.8247036933898926,35.835357904434204,LOF,0.0018403730355203,2.8290696344338357,HBOS,0.0045962771400809,4.082677884958685,HBOS,0.0005868999287486,4.078668507747353,HBOS,0.0135953351855278,4.091676943004132,HBOS,0.0005127498880028,4.078594357706607,HBOS,0.0123537047766149,4.090435312595219,COPOD,0.2062005242332816,4.03360144700855,CBLOF,0.0006084511987864,4.07673168880865,HBOS,0.0004874924197793,4.078569100238384,HBOS,0.0004740571603178,4.078555664978922,DenoisingAutoEncoder (DAE),0.0011064331047236,3.1336924354545768
settings_one,synthetic_batch_5.out,3.257573366165161,4.095942497253418,11.786492347717283,3.703159093856812,3.120090961456299,4.080526828765869,2.749596357345581,3.5613815784454346,36.35476303100586,AutoEncoder (AE),0.0018370659090578,3.259410432074219,HBOS,0.0045926189050078,4.085119447670877,HBOS,0.0005828216671943,4.0811096504330635,HBOS,0.01340640662238,4.093933235388249,HBOS,0.0005304040387272,4.081057232804596,HBOS,0.0123023078776896,4.092829136643559,COPOD,0.2212205617688596,3.9243796556256716,CBLOF,0.0006034919060766,4.096545989159495,HBOS,0.0004999060183763,4.0810267347842455,HBOS,0.0005122800357639,4.081039108801633,DenoisingAutoEncoder (DAE),0.0013301861472427,3.1214211476035416
settings_one,synthetic_batch_51.out,3.2300126552581787,4.17586612701416,11.859898805618286,4.801769733428955,3.1300148963928223,4.355156660079956,2.7241952419281006,2.6754567623138428,36.9523708820343,PCC,0.0018262462690472,2.67728300858289,HBOS,0.0045563420280814,4.3597130021080375,HBOS,0.000582261942327,4.355738922022283,HBOS,0.0138154015876352,4.368972061667591,HBOS,0.0005344809032976,4.355691140983254,HBOS,0.0126265808939933,4.367783240973949,COPOD,0.2046778830699622,5.006447616498917,CBLOF,0.0005932627245783,4.1764593897387385,HBOS,0.0004912703298032,4.355647930409759,HBOS,0.0004706010222434,4.3556272611021996,DenoisingAutoEncoder (DAE),0.0011109220795333,3.1311258184723556
settings_one,synthetic_batch_54.out,4.242018222808838,4.127654552459717,12.39597463607788,3.735178470611572,3.1334469318389893,4.247920513153076,2.7517645359039307,2.6480424404144287,37.28200030326843,LOF,0.0021864767186343,2.753951012622565,HBOS,0.004516476765275,4.252436989918351,HBOS,0.0005993442609906,4.248519857414067,HBOS,0.0135203418321907,4.261440854985267,HBOS,0.0005219178274273,4.248442430980504,HBOS,0.0125609268434345,4.260481439996511,COPOD,0.2043057372793555,3.9394842078909273,CBLOF,0.0006016283296048,4.128256180789322,HBOS,0.0004885448142886,4.248409057967365,HBOS,0.0004670731723308,4.248387586325407,DenoisingAutoEncoder (DAE),0.0013295556418597,3.134776487480849
settings_one,synthetic_batch_55.out,3.286098957061768,4.070309162139893,11.88062596321106,3.659611940383911,3.1020803451538086,4.122371196746826,2.765531301498413,2.63016676902771,35.51679563522339,LOF,0.0018362142145633,2.7673675157129765,HBOS,0.004576580133289,4.126947776880115,HBOS,0.0005893046036362,4.122960501350462,PCC,0.0137345381081104,2.6439013071358204,HBOS,0.000522478017956,4.122893674764782,HBOS,0.0125081972219049,4.134879393968731,COPOD,0.2056262567639351,3.865238197147846,CBLOF,0.0006101350300014,4.070919297169894,HBOS,0.0004956582561135,4.12286685500294,HBOS,0.0004882640205323,4.1228594607673585,DenoisingAutoEncoder (DAE),0.0011119339615106,3.1031922791153193
settings_one,synthetic_batch_62.out,3.314760684967041,4.1833577156066895,12.133150577545166,3.728379487991333,3.1213457584381104,4.26891565322876,2.843183755874634,3.369458198547364,36.9625518321991,PCC,0.0018296907655894,3.3712878893129536,HBOS,0.0045549687929451,4.273470622021705,HBOS,0.0005937442183494,4.269509397447109,HBOS,0.0132602700032293,4.282175923231989,HBOS,0.000528781209141,4.269444434437901,HBOS,0.0124970860779285,4.281412739306688,COPOD,0.2176984488032758,3.946077936794609,CBLOF,0.0006038127467036,4.183961528353393,HBOS,0.0004872819408774,4.269402935169637,HBOS,0.0004748990759253,4.269390552304685,DenoisingAutoEncoder (DAE),0.0011113830842077,3.122457141522318
settings_one,synthetic_batch_63.out,3.629369020462036,4.145421981811523,11.804581880569458,3.681294441223145,3.092726469039917,4.132405519485474,2.7861135005950928,2.7400143146514893,36.011927127838135,PCC,0.00183035293594,2.7418446675874293,HBOS,0.0045537161640822,4.136959235649556,HBOS,0.0005908166058361,4.13299633609131,HBOS,0.0134749868884682,4.145880506373942,HBOS,0.0005151452496647,4.132920664735138,HBOS,0.0125149302184581,4.144920449703932,COPOD,0.2051945510320365,3.8864889922551815,CBLOF,0.0006017079576849,4.146023689769208,HBOS,0.0004956577904522,4.132901177275926,HBOS,0.0004796781577169,4.132885197643191,DenoisingAutoEncoder (DAE),0.0011123847216367,3.0938388537615538
settings_one,synthetic_batch_66.out,3.2201664447784424,4.144430875778198,11.78563141822815,3.7331972122192383,3.398092031478882,4.206105709075928,2.789971113204956,2.6930253505706787,35.97062015533447,LOF,0.0018225498497486,2.7917936630547047,HBOS,0.0045371251180768,4.2106428341940045,HBOS,0.0005840146914124,4.20668972376734,HBOS,0.0138177457265555,4.219923454802483,HBOS,0.0005193632096052,4.206625072285533,HBOS,0.0125578506849706,4.218663559760898,COPOD,0.2155654020607471,3.9487626142799854,CBLOF,0.0006123790517449,4.145043254829943,HBOS,0.0005005267448723,4.2066062358208,HBOS,0.0004762909375131,4.206582000013441,DenoisingAutoEncoder (DAE),0.0011050011962652,3.399197032675147
settings_one,synthetic_batch_68.out,3.292922019958496,4.514999628067017,12.02462387084961,3.627971410751343,3.322072029113769,4.215252876281738,2.766225576400757,2.6609139442443848,36.42498135566712,AutoEncoder (AE),0.0018242518417537,3.29474627180025,HBOS,0.0045498688705265,4.219802745152265,HBOS,0.0005835550837218,4.21583643136546,HBOS,0.0133438981138169,4.228596774395555,HBOS,0.0005228389054536,4.215775715187192,HBOS,0.0125258709304034,4.227778747212142,COPOD,0.2057471256703138,3.833718536421657,CBLOF,0.0006065871566534,4.51560621522367,HBOS,0.0004907380789518,4.21574361436069,HBOS,0.0004761107265949,4.215728987008333,DenoisingAutoEncoder (DAE),0.0037459987215697,3.325818027835339
settings_one,synthetic_batch_71.out,3.2667441368103027,4.163067817687988,11.763096570968628,3.798513889312744,3.1129708290100098,4.197106122970581,2.780820369720459,2.6226043701171875,35.7049241065979,CBLOF,0.0204825471155345,4.183550364803523,HBOS,0.0045831119641661,4.201689234934747,HBOS,0.0005937428213655,4.197699865791947,HBOS,0.0137813962064683,4.210887519177049,HBOS,0.0005297218449413,4.197635844815522,HBOS,0.0122463419102132,4.209352464880794,COPOD,0.2216680007986724,4.020181890111417,CBLOF,0.0006032809615135,4.163671098649502,HBOS,0.0004985933192074,4.1976047162897885,HBOS,0.0004728650674223,4.1975789880380034,DenoisingAutoEncoder (DAE),0.0056025795638561,3.118573408573866
settings_one,synthetic_batch_73.out,3.2891838550567627,4.205843687057495,12.098141193389893,3.7031795978546143,3.86273193359375,4.273916244506836,2.747990369796753,2.7199478149414062,36.90093469619751,COPOD,0.0018320870585739,3.705011684913188,HBOS,0.0045818202197551,4.278498064726591,HBOS,0.0005861488170921,4.274502393323928,HBOS,0.0138042704202234,4.287720514927059,HBOS,0.0005214870907366,4.274437731597573,HBOS,0.0124630122445523,4.286379256751388,COPOD,0.2043709210120141,3.9075505188666284,CBLOF,0.0006020790897309,4.206445766147226,HBOS,0.0004902482032775,4.2744064927101135,HBOS,0.000474136788398,4.274390381295234,DenoisingAutoEncoder (DAE),0.0011083567515015,3.8638402903452516
settings_one,synthetic_batch_74.out,3.299798011779785,4.104157447814941,11.835588932037354,3.788756847381592,3.1128487586975098,4.304675579071045,2.746230125427246,2.83914852142334,36.03120422363281,PCC,0.0018232990987598,2.8409718205220997,HBOS,0.00454354705289,4.309219126123935,HBOS,0.0005825422704219,4.305258121341467,HBOS,0.0137819978408515,4.3184575769118965,HBOS,0.0005274880677461,4.305203067138791,HBOS,0.0133251128718256,4.318000691942871,COPOD,0.2033815681934356,3.9921384155750275,CBLOF,0.0006093932315707,4.104766841046512,HBOS,0.0004923017695546,4.3051678808405995,HBOS,0.000489957164973,4.305165536236018,DenoisingAutoEncoder (DAE),0.0011123646982014,3.113961123395711
settings_one,synthetic_batch_75.out,3.229965925216675,4.087844371795654,11.93097734451294,3.677729606628418,3.1393978595733643,4.182598829269409,2.804872512817383,3.1715245246887207,36.22491097450256,LOF,0.0018318463116884,2.8067043591290712,HBOS,0.0045625218190252,4.1871613510884345,HBOS,0.0005819811485707,4.18318081041798,HBOS,0.0137681411579251,4.196366970427334,HBOS,0.0005219471640884,4.183120776433498,HBOS,0.0125833391211926,4.195182168390602,COPOD,0.2052688407711684,3.8829984473995864,CBLOF,0.0006049750372767,4.088449346832931,HBOS,0.0004936042241752,4.183092433493584,HBOS,0.0004971311427652,4.1830959604121745,DenoisingAutoEncoder (DAE),0.0011211507953703,3.1405190103687346
settings_one,synthetic_batch_77.out,3.2837016582489014,4.095678091049194,11.809394121170044,3.6925015449523926,3.137850284576416,4.35079288482666,2.7325761318206787,2.8714487552642822,35.97394347190857,LOF,0.0018190219998359,2.7343951538205147,HBOS,0.0045069181360304,4.355299802962691,HBOS,0.0005903770215809,4.351383261848241,HBOS,0.0136841931380331,4.364477077964693,HBOS,0.0005307151004672,4.351323599927127,HBOS,0.012385054025799,4.363177938852459,COPOD,0.2237341091968119,3.9162356541492045,CBLOF,0.0006020399741828,4.096280131023377,HBOS,0.0004919008351862,4.351284785661846,HBOS,0.000476662069559,4.351269546896219,DenoisingAutoEncoder (DAE),0.001106824260205,3.138957108836621
settings_one,synthetic_batch_78.out,3.2655222415924072,4.0630717277526855,11.94689965248108,3.9900057315826416,3.1008565425872803,4.212910413742065,2.765840768814087,2.803217649459839,36.148324728012085,PCC,0.0018225386738777,2.8050401881337166,HBOS,0.0044935415498912,4.217403955291957,HBOS,0.0005872920155525,4.213497705757618,HBOS,0.013716934248805,4.2266273479908705,HBOS,0.0005422956310212,4.213452709373087,HBOS,0.012537783011794,4.2254481967538595,COPOD,0.2368381740525365,4.226843905635178,CBLOF,0.0006047850474715,4.063676512800157,HBOS,0.0005231397226452,4.213433553464711,HBOS,0.0004869909025728,4.213397404644638,DenoisingAutoEncoder (DAE),0.0011144699528813,3.1019710125401616
settings_one,synthetic_batch_82.out,3.248406171798706,4.041935682296753,12.31841254234314,3.870131969451904,3.139904260635376,4.399723529815674,2.7558510303497314,2.812774181365967,36.58713936805725,LOF,0.0018335687927901,2.7576845991425216,HBOS,0.0044874511659145,4.404210980981588,HBOS,0.0005992837250232,4.400322813540697,HBOS,0.0138817960396409,4.413605325855315,HBOS,0.0005189320072531,4.400242461822927,HBOS,0.0125237768515944,4.412247306667268,COPOD,0.2068318882957101,4.076963857747614,CBLOF,0.0006011468358337,4.042536829132587,HBOS,0.0004914700984954,4.400214999914169,HBOS,0.0004861401394009,4.400209669955075,DenoisingAutoEncoder (DAE),0.001337350346148,3.141241610981524
settings_one,synthetic_batch_83.out,3.2597427368164062,4.076765060424805,12.150275230407717,3.7723681926727295,3.1043083667755127,4.722212076187134,2.8294057846069336,2.7311208248138428,36.64619827270508,CBLOF,0.0030021299608051,4.07976719038561,HBOS,0.0045571019873023,4.726769178174436,HBOS,0.0005838838405907,4.7227959600277245,HBOS,0.0136282169260084,4.735840293113142,HBOS,0.0005320268683135,4.722744103055447,HBOS,0.01217748131603,4.734389557503164,COPOD,0.2134781130589544,3.985846305731684,CBLOF,0.000604182947427,4.077369243372232,HBOS,0.0004978929646313,4.722709969151765,HBOS,0.0004857992753386,4.722697875462472,DenoisingAutoEncoder (DAE),0.0011100713163614,3.105418438091874
settings_one,synthetic_batch_88.out,3.379791259765625,4.139987945556641,12.092135429382324,3.734075546264648,3.1464130878448486,4.5964272022247314,2.7952585220336914,3.388102531433105,37.272191524505615,CBLOF,0.0022005741484463,4.142188519705087,HBOS,0.004533567931503,4.6009607701562345,HBOS,0.0005941339768469,4.597021336201578,HBOS,0.0135032213293015,4.609930423554033,HBOS,0.000527277123183,4.5969544793479145,HBOS,0.0122870886698365,4.608714290894568,COPOD,0.2066181441769004,3.9406936904415484,CBLOF,0.0006064171902835,4.140594362746924,HBOS,0.0004909788258373,4.596918181050569,HBOS,0.0004822020418941,4.596909404266626,DenoisingAutoEncoder (DAE),0.0013397950679063,3.147752882912755
settings_one,synthetic_batch_9.out,3.4149816036224365,4.089642763137817,11.869977712631226,3.6500723361968994,3.115485429763794,4.031643867492676,2.7426693439483643,2.6436972618103027,35.55817031860352,PCC,0.0022515100426971,2.645948771853,HBOS,0.0046232682652771,4.036267135757953,HBOS,0.0005841362290084,4.032228003721684,HBOS,0.0134514630772173,4.045095330569893,HBOS,0.0005201739259064,4.032164041418582,HBOS,0.012283912859857,4.043927780352533,COPOD,0.203737243078649,3.8538095792755485,CBLOF,0.0006037820130586,4.090246545150876,HBOS,0.0004951870068907,4.0321390544995666,HBOS,0.000501599162817,4.032145466655493,DenoisingAutoEncoder (DAE),0.0013297358527779,3.116815165616572
settings_one,synthetic_batch_91.out,3.24655818939209,4.141684770584106,11.773541927337646,4.60822606086731,3.1127097606658936,4.172820091247559,2.7266221046447754,3.199235439300537,36.98139834403992,PCC,0.0022350400686264,3.2014704793691635,HBOS,0.0045455922372639,4.1773656834848225,HBOS,0.0005866303108632,4.173406721558422,HBOS,0.0133110573515295,4.186131148599088,HBOS,0.0005197329446673,4.173339824192226,HBOS,0.0124342078343033,4.185254299081862,COPOD,0.2533735120669007,4.86159957293421,CBLOF,0.000611756928265,4.142296527512371,HBOS,0.0004906579852104,4.173310749232769,HBOS,0.0004754802212119,4.1732955714687705,DenoisingAutoEncoder (DAE),0.0013519069179892,3.114061667583883
settings_one,synthetic_batch_92.out,3.422534227371216,4.077516317367554,11.862058401107788,3.725817680358887,3.103898763656616,4.262109041213989,2.779341697692871,3.227667570114136,36.46094369888306,PCC,0.0018404331058263,3.2295080032199626,HBOS,0.0046129790134727,4.266722020227462,HBOS,0.0005923099815845,4.262701351195574,HBOS,0.0138068441301584,4.275915885344148,HBOS,0.0005209557712078,4.262629996985197,HBOS,0.0124584636650979,4.274567504879087,COPOD,0.2043413338251412,3.9301590141840284,CBLOF,0.0005957479588687,4.0781120653264225,HBOS,0.0004984731785953,4.262607514392585,HBOS,0.0004705609753727,4.262579602189362,DenoisingAutoEncoder (DAE),0.0011079567484557,3.105006720405072
settings_one,synthetic_batch_97.out,3.458174467086792,4.121142625808716,12.184836626052856,4.394036054611206,3.073185443878174,4.361555337905884,2.7412972450256348,2.6572799682617188,36.99150776863098,LOF,0.0021969769150018,2.7434942219406366,HBOS,0.0045485673472285,4.366103905253112,HBOS,0.000584736932069,4.362140074837953,HBOS,0.0134197920560836,4.3749751299619675,HBOS,0.0005219681188464,4.36207730602473,HBOS,0.0124604469165205,4.374015784822404,COPOD,0.2095555798150599,4.603591634426266,CBLOF,0.0006095836870372,4.121752209495753,HBOS,0.0004902682267129,4.362045606132597,HBOS,0.0004809801466763,4.36203631805256,DenoisingAutoEncoder (DAE),0.0013308776542544,3.0745163215324283
